"id","name","code","user_type_id/id","chart_template_id/id","tag_ids/id","reconcile"
"account_account_100000","資產",100000,"account.data_account_type_liquidity","l10n_tw.tw_chart_template","","FALSE"
"account_account_110000","流動資產",110000,"account.data_account_type_liquidity","l10n_tw.tw_chart_template","","FALSE"
"account_account_111000","現金和約當現金",111000,"account.data_account_type_liquidity","l10n_tw.tw_chart_template","","FALSE"
"account_account_111200","零用金／週轉金",111200,"account.data_account_type_liquidity","l10n_tw.tw_chart_template","","FALSE"
"account_account_111400","流動性轉移",111400,"account.data_account_type_liquidity","l10n_tw.tw_chart_template","","FALSE"
"account_account_111500","約當現金",111500,"account.data_account_type_liquidity","l10n_tw.tw_chart_template","","FALSE"
"account_account_112000","透過損益按公允價值衡量之金融資產—流動",112000,"account.data_account_type_liquidity","l10n_tw.tw_chart_template","","FALSE"
"account_account_112100","透過損益按公允價值衡量之金融資產—流動",112100,"account.data_account_type_liquidity","l10n_tw.tw_chart_template","","FALSE"
"account_account_112200","透過損益按公允價值衡量之金融資產評價調整—流動",112200,"account.data_account_type_liquidity","l10n_tw.tw_chart_template","","FALSE"
"account_account_113000","備供出售金融資產—流動",113000,"account.data_account_type_liquidity","l10n_tw.tw_chart_template","","FALSE"
"account_account_113100","備供出售金融資產—流動",113100,"account.data_account_type_liquidity","l10n_tw.tw_chart_template","","FALSE"
"account_account_113200","備供出售金融資產評價調整—流動",113200,"account.data_account_type_liquidity","l10n_tw.tw_chart_template","","FALSE"
"account_account_113300","累計減損—備供出售金融資產—流動",113300,"account.data_account_type_liquidity","l10n_tw.tw_chart_template","","FALSE"
"account_account_114000","以成本衡量之金融資產—流動",114000,"account.data_account_type_liquidity","l10n_tw.tw_chart_template","","FALSE"
"account_account_114100","以成本衡量之金融資產—流動",114100,"account.data_account_type_liquidity","l10n_tw.tw_chart_template","","FALSE"
"account_account_114200","累計減損—以成本衡量之金融資產—流動",114200,"account.data_account_type_liquidity","l10n_tw.tw_chart_template","","FALSE"
"account_account_115000","無活絡市場之債務工具投資－流動",115000,"account.data_account_type_liquidity","l10n_tw.tw_chart_template","","FALSE"
"account_account_115100","無活絡市場之債務工具投資－流動",115100,"account.data_account_type_liquidity","l10n_tw.tw_chart_template","","FALSE"
"account_account_115200","累計減損—無活絡市場之債務工具投資－流動",115200,"account.data_account_type_liquidity","l10n_tw.tw_chart_template","","FALSE"
"account_account_116000","持有至到期日金融資產－流動",116000,"account.data_account_type_liquidity","l10n_tw.tw_chart_template","","FALSE"
"account_account_116100","持有至到期日金融資產－流動",116100,"account.data_account_type_liquidity","l10n_tw.tw_chart_template","","FALSE"
"account_account_116200","累計減損—持有至到期日金融資產－流動",116200,"account.data_account_type_liquidity","l10n_tw.tw_chart_template","","FALSE"
"account_account_117000","避險之衍生金融資產—流動",117000,"account.data_account_type_liquidity","l10n_tw.tw_chart_template","","FALSE"
"account_account_117100","避險之衍生金融資產—流動",117100,"account.data_account_type_liquidity","l10n_tw.tw_chart_template","","FALSE"
"account_account_117200","避險之衍生金融資產評價調整—流動",117200,"account.data_account_type_liquidity","l10n_tw.tw_chart_template","","FALSE"
"account_account_118000","應收票據淨額",118000,"account.data_account_type_liquidity","l10n_tw.tw_chart_template","","FALSE"
"account_account_118100","應收票據",118100,"account.data_account_type_liquidity","l10n_tw.tw_chart_template","","FALSE"
"account_account_118200","應收票據貼現",118200,"account.data_account_type_liquidity","l10n_tw.tw_chart_template","","FALSE"
"account_account_118300","應收票據－關係人",118300,"account.data_account_type_liquidity","l10n_tw.tw_chart_template","","FALSE"
"account_account_118400","其他應收票據",118400,"account.data_account_type_liquidity","l10n_tw.tw_chart_template","","FALSE"
"account_account_118500","備抵呆帳－應收票據",118500,"account.data_account_type_liquidity","l10n_tw.tw_chart_template","","FALSE"
"account_account_119000","應收帳款淨額",119000,"account.data_account_type_liquidity","l10n_tw.tw_chart_template","","FALSE"
"account_account_119200","備抵銷售退回及折讓",119200,"account.data_account_type_liquidity","l10n_tw.tw_chart_template","","FALSE"
"account_account_119300","應收分期帳款",119300,"account.data_account_type_liquidity","l10n_tw.tw_chart_template","","FALSE"
"account_account_119400","未實現利息收入",119400,"account.data_account_type_liquidity","l10n_tw.tw_chart_template","","FALSE"
"account_account_119500","應收租賃款",119500,"account.data_account_type_liquidity","l10n_tw.tw_chart_template","","FALSE"
"account_account_119600","未賺得融資收益",119600,"account.data_account_type_liquidity","l10n_tw.tw_chart_template","","FALSE"
"account_account_119700","應收帳款－關係人",119700,"account.data_account_type_liquidity","l10n_tw.tw_chart_template","","FALSE"
"account_account_119800","備抵呆帳－應收帳款",119800,"account.data_account_type_liquidity","l10n_tw.tw_chart_template","","FALSE"
"account_account_120000","應收建造合約款",120000,"account.data_account_type_liquidity","l10n_tw.tw_chart_template","","FALSE"
"account_account_121000","其他應收款",121000,"account.data_account_type_liquidity","l10n_tw.tw_chart_template","","FALSE"
"account_account_121100","應收收益",121100,"account.data_account_type_liquidity","l10n_tw.tw_chart_template","","FALSE"
"account_account_121200","其他應收款－關係人",121200,"account.data_account_type_liquidity","l10n_tw.tw_chart_template","","FALSE"
"account_account_121300","其他應收款－其他",121300,"account.data_account_type_liquidity","l10n_tw.tw_chart_template","","FALSE"
"account_account_121400","備抵呆帳－其他應收款",121400,"account.data_account_type_liquidity","l10n_tw.tw_chart_template","","FALSE"
"account_account_121800","成本差異",121800,"account.data_account_type_liquidity","l10n_tw.tw_chart_template","","FALSE"
"account_account_122000","本期所得稅資產",122000,"account.data_account_type_liquidity","l10n_tw.tw_chart_template","","FALSE"
"account_account_122100","應收所得稅退稅款",122100,"account.data_account_type_liquidity","l10n_tw.tw_chart_template","","FALSE"
"account_account_122200","預付所得稅",122200,"account.data_account_type_liquidity","l10n_tw.tw_chart_template","","FALSE"
"account_account_123000","存貨",123000,"account.data_account_type_liquidity","l10n_tw.tw_chart_template","","FALSE"
"account_account_123200","寄銷品",123200,"account.data_account_type_liquidity","l10n_tw.tw_chart_template","","FALSE"
"account_account_123400","備抵存貨跌價損失(買賣業)",123400,"account.data_account_type_liquidity","l10n_tw.tw_chart_template","","FALSE"
"account_account_123500","製成品",123500,"account.data_account_type_liquidity","l10n_tw.tw_chart_template","","FALSE"
"account_account_123600","副產品",123600,"account.data_account_type_liquidity","l10n_tw.tw_chart_template","","FALSE"
"account_account_123700","在製品",123700,"account.data_account_type_liquidity","l10n_tw.tw_chart_template","","FALSE"
"account_account_123800","委外加工",123800,"account.data_account_type_liquidity","l10n_tw.tw_chart_template","","FALSE"
"account_account_123900","原料",123900,"account.data_account_type_liquidity","l10n_tw.tw_chart_template","","FALSE"
"account_account_124000","物料",124000,"account.data_account_type_liquidity","l10n_tw.tw_chart_template","","FALSE"
"account_account_124100","在途原物料",124100,"account.data_account_type_liquidity","l10n_tw.tw_chart_template","","FALSE"
"account_account_124200","備抵存貨跌價損失(製造業)",124200,"account.data_account_type_liquidity","l10n_tw.tw_chart_template","","FALSE"
"account_account_124300","農產品",124300,"account.data_account_type_liquidity","l10n_tw.tw_chart_template","","FALSE"
"account_account_124400","在建工程",124400,"account.data_account_type_liquidity","l10n_tw.tw_chart_template","","FALSE"
"account_account_125000","生物資產－流動",125000,"account.data_account_type_liquidity","l10n_tw.tw_chart_template","","FALSE"
"account_account_125100","生產性生物資產－流動",125100,"account.data_account_type_liquidity","l10n_tw.tw_chart_template","","FALSE"
"account_account_125200","累計折舊—生產性生物資產—流動",125200,"account.data_account_type_liquidity","l10n_tw.tw_chart_template","","FALSE"
"account_account_125300","累計減損—生產性生物資產—流動",125300,"account.data_account_type_liquidity","l10n_tw.tw_chart_template","","FALSE"
"account_account_125400","生產性生物資產公允價值減出售成本累計變動數—流動",125400,"account.data_account_type_liquidity","l10n_tw.tw_chart_template","","FALSE"
"account_account_125500","消耗性生物資產—流動",125500,"account.data_account_type_liquidity","l10n_tw.tw_chart_template","","FALSE"
"account_account_125600","累計折舊—消耗性生物資產—流動",125600,"account.data_account_type_liquidity","l10n_tw.tw_chart_template","","FALSE"
"account_account_125700","累計減損—消耗性生物資產—流動",125700,"account.data_account_type_liquidity","l10n_tw.tw_chart_template","","FALSE"
"account_account_125800","消耗性生物資產公允價值減出售成本累計變動數—流動",125800,"account.data_account_type_liquidity","l10n_tw.tw_chart_template","","FALSE"
"account_account_126000","預付款",126000,"account.data_account_type_liquidity","l10n_tw.tw_chart_template","","FALSE"
"account_account_126100","預付薪資",126100,"account.data_account_type_liquidity","l10n_tw.tw_chart_template","","FALSE"
"account_account_126200","預付租金",126200,"account.data_account_type_liquidity","l10n_tw.tw_chart_template","","FALSE"
"account_account_126300","預付保險費",126300,"account.data_account_type_liquidity","l10n_tw.tw_chart_template","","FALSE"
"account_account_126400","用品盤存",126400,"account.data_account_type_liquidity","l10n_tw.tw_chart_template","","FALSE"
"account_account_126500","其他預付費用",126500,"account.data_account_type_liquidity","l10n_tw.tw_chart_template","","FALSE"
"account_account_126600","預付貨款",126600,"account.data_account_type_liquidity","l10n_tw.tw_chart_template","","FALSE"
"account_account_126700","預付投資款",126700,"account.data_account_type_liquidity","l10n_tw.tw_chart_template","","FALSE"
"account_account_126900","留抵稅額",126900,"account.data_account_type_liquidity","l10n_tw.tw_chart_template","","FALSE"
"account_account_127000","其他預付款項",127000,"account.data_account_type_liquidity","l10n_tw.tw_chart_template","","FALSE"
"account_account_128000","其他流動資產",128000,"account.data_account_type_liquidity","l10n_tw.tw_chart_template","","FALSE"
"account_account_128100","暫付款",128100,"account.data_account_type_liquidity","l10n_tw.tw_chart_template","","FALSE"
"account_account_128200","代付款",128200,"account.data_account_type_liquidity","l10n_tw.tw_chart_template","","FALSE"
"account_account_128300","員工借支",128300,"account.data_account_type_liquidity","l10n_tw.tw_chart_template","","FALSE"
"account_account_128400","存出保證金",128400,"account.data_account_type_liquidity","l10n_tw.tw_chart_template","","FALSE"
"account_account_130000","非流動資產",130000,"account.data_account_type_non_current_assets","l10n_tw.tw_chart_template","","FALSE"
"account_account_131000","透過損益按公允價值衡量之金融資產－非流動",131000,"account.data_account_type_non_current_assets","l10n_tw.tw_chart_template","","FALSE"
"account_account_131100","透過損益按公允價值衡量之金融資產－非流動",131100,"account.data_account_type_non_current_assets","l10n_tw.tw_chart_template","","FALSE"
"account_account_131200","透過損益按公允價值衡量之金融資產評價調整—非流動",131200,"account.data_account_type_non_current_assets","l10n_tw.tw_chart_template","","FALSE"
"account_account_132000","備供出售金融資產－非流動",132000,"account.data_account_type_non_current_assets","l10n_tw.tw_chart_template","","FALSE"
"account_account_132100","備供出售金融資產－非流動",132100,"account.data_account_type_non_current_assets","l10n_tw.tw_chart_template","","FALSE"
"account_account_132200","備供出售金融資產評價調整—非流動",132200,"account.data_account_type_non_current_assets","l10n_tw.tw_chart_template","","FALSE"
"account_account_132300","累計減損－備供出售金融資產－非流動",132300,"account.data_account_type_non_current_assets","l10n_tw.tw_chart_template","","FALSE"
"account_account_133000","以成本衡量之金融資產—非流動",133000,"account.data_account_type_non_current_assets","l10n_tw.tw_chart_template","","FALSE"
"account_account_133100","以成本衡量之金融資產—非流動",133100,"account.data_account_type_non_current_assets","l10n_tw.tw_chart_template","","FALSE"
"account_account_133200","累計減損—以成本衡量之金融資產—非流動",133200,"account.data_account_type_non_current_assets","l10n_tw.tw_chart_template","","FALSE"
"account_account_134000","無活絡市場之債務工具投資－非流動",134000,"account.data_account_type_non_current_assets","l10n_tw.tw_chart_template","","FALSE"
"account_account_134100","無活絡市場之債務工具投資－非流動",134100,"account.data_account_type_non_current_assets","l10n_tw.tw_chart_template","","FALSE"
"account_account_134200","累計減損—無活絡市場之債務工具投資－非流動",134200,"account.data_account_type_non_current_assets","l10n_tw.tw_chart_template","","FALSE"
"account_account_135000","持有至到期日金融資產－非流動",135000,"account.data_account_type_non_current_assets","l10n_tw.tw_chart_template","","FALSE"
"account_account_135100","持有至到期日金融資產－非流動",135100,"account.data_account_type_non_current_assets","l10n_tw.tw_chart_template","","FALSE"
"account_account_135200","累計減損—持有至到期日金融資產－非流動",135200,"account.data_account_type_non_current_assets","l10n_tw.tw_chart_template","","FALSE"
"account_account_136000","避險之衍生金融資產－非流動",136000,"account.data_account_type_non_current_assets","l10n_tw.tw_chart_template","","FALSE"
"account_account_136100","避險之衍生金融資產－非流動",136100,"account.data_account_type_non_current_assets","l10n_tw.tw_chart_template","","FALSE"
"account_account_136200","避險之衍生金融資產評價調整－非流動",136200,"account.data_account_type_non_current_assets","l10n_tw.tw_chart_template","","FALSE"
"account_account_137000","採用權益法之投資",137000,"account.data_account_type_non_current_assets","l10n_tw.tw_chart_template","","FALSE"
"account_account_137100","採用權益法之投資",137100,"account.data_account_type_non_current_assets","l10n_tw.tw_chart_template","","FALSE"
"account_account_137200","累計減損—採用權益法之投資",137200,"account.data_account_type_non_current_assets","l10n_tw.tw_chart_template","","FALSE"
"account_account_138000","投資性不動產",138000,"account.data_account_type_non_current_assets","l10n_tw.tw_chart_template","","FALSE"
"account_account_138100","投資性不動產－土地－成本",138100,"account.data_account_type_non_current_assets","l10n_tw.tw_chart_template","","FALSE"
"account_account_138200","投資性不動產－土地－累計公允價值變動數",138200,"account.data_account_type_non_current_assets","l10n_tw.tw_chart_template","","FALSE"
"account_account_138300","累計減損－投資性不動產－土地",138300,"account.data_account_type_non_current_assets","l10n_tw.tw_chart_template","","FALSE"
"account_account_138400","投資性不動產－建築物－成本",138400,"account.data_account_type_non_current_assets","l10n_tw.tw_chart_template","","FALSE"
"account_account_138500","投資性不動產－建築物－重估增值",138500,"account.data_account_type_non_current_assets","l10n_tw.tw_chart_template","","FALSE"
"account_account_138600","投資性不動產－建築物－累計公允價值變動數",138600,"account.data_account_type_non_current_assets","l10n_tw.tw_chart_template","","FALSE"
"account_account_138700","累計折舊－投資性不動產－建築物",138700,"account.data_account_type_non_current_assets","l10n_tw.tw_chart_template","","FALSE"
"account_account_138800","累計減損－投資性不動產－建築物",138800,"account.data_account_type_non_current_assets","l10n_tw.tw_chart_template","","FALSE"
"account_account_139000","不動產、廠房及設備",139000,"account.data_account_type_non_current_assets","l10n_tw.tw_chart_template","","FALSE"
"account_account_139100","土地－成本",139100,"account.data_account_type_non_current_assets","l10n_tw.tw_chart_template","","FALSE"
"account_account_139200","土地－重估增值",139200,"account.data_account_type_non_current_assets","l10n_tw.tw_chart_template","","FALSE"
"account_account_139300","累計減損－土地",139300,"account.data_account_type_non_current_assets","l10n_tw.tw_chart_template","","FALSE"
"account_account_140100","土地改良物－成本",140100,"account.data_account_type_non_current_assets","l10n_tw.tw_chart_template","","FALSE"
"account_account_140200","土地改良物－重估增值",140200,"account.data_account_type_non_current_assets","l10n_tw.tw_chart_template","","FALSE"
"account_account_140300","累計折舊－土地改良物",140300,"account.data_account_type_non_current_assets","l10n_tw.tw_chart_template","","FALSE"
"account_account_140400","累計減損－土地改良物",140400,"account.data_account_type_non_current_assets","l10n_tw.tw_chart_template","","FALSE"
"account_account_141100","房屋及建築－成本",141100,"account.data_account_type_non_current_assets","l10n_tw.tw_chart_template","","FALSE"
"account_account_141200","房屋及建築－重估增值",141200,"account.data_account_type_non_current_assets","l10n_tw.tw_chart_template","","FALSE"
"account_account_141300","累計折舊－房屋及建築",141300,"account.data_account_type_non_current_assets","l10n_tw.tw_chart_template","","FALSE"
"account_account_141400","累計減損－房屋及建築",141400,"account.data_account_type_non_current_assets","l10n_tw.tw_chart_template","","FALSE"
"account_account_142100","機器設備－成本",142100,"account.data_account_type_non_current_assets","l10n_tw.tw_chart_template","","FALSE"
"account_account_142200","累計折舊－機器設備",142200,"account.data_account_type_non_current_assets","l10n_tw.tw_chart_template","","FALSE"
"account_account_142300","累計減損－機器設備",142300,"account.data_account_type_non_current_assets","l10n_tw.tw_chart_template","","FALSE"
"account_account_143100","辦公設備－成本",143100,"account.data_account_type_non_current_assets","l10n_tw.tw_chart_template","","FALSE"
"account_account_143200","累計折舊－辦公設備",143200,"account.data_account_type_non_current_assets","l10n_tw.tw_chart_template","","FALSE"
"account_account_143300","累計減損－辦公設備",143300,"account.data_account_type_non_current_assets","l10n_tw.tw_chart_template","","FALSE"
"account_account_144100","租賃資產－成本",144100,"account.data_account_type_non_current_assets","l10n_tw.tw_chart_template","","FALSE"
"account_account_144200","累計折舊－租賃資產",144200,"account.data_account_type_non_current_assets","l10n_tw.tw_chart_template","","FALSE"
"account_account_144300","累計減損－租賃資產",144300,"account.data_account_type_non_current_assets","l10n_tw.tw_chart_template","","FALSE"
"account_account_145100","出租設備－成本",145100,"account.data_account_type_non_current_assets","l10n_tw.tw_chart_template","","FALSE"
"account_account_145200","累計折舊－出租設備",145200,"account.data_account_type_non_current_assets","l10n_tw.tw_chart_template","","FALSE"
"account_account_145300","累計減損－出租設備",145300,"account.data_account_type_non_current_assets","l10n_tw.tw_chart_template","","FALSE"
"account_account_146100","租賃權益改良－成本",146100,"account.data_account_type_non_current_assets","l10n_tw.tw_chart_template","","FALSE"
"account_account_146200","累計折舊－租賃權益改良",146200,"account.data_account_type_non_current_assets","l10n_tw.tw_chart_template","","FALSE"
"account_account_146300","累計減損－租賃權益改良",146300,"account.data_account_type_non_current_assets","l10n_tw.tw_chart_template","","FALSE"
"account_account_146400","未完工程",146400,"account.data_account_type_non_current_assets","l10n_tw.tw_chart_template","","FALSE"
"account_account_147000","礦產資源淨額",147000,"account.data_account_type_non_current_assets","l10n_tw.tw_chart_template","","FALSE"
"account_account_147100","礦產資源－成本",147100,"account.data_account_type_non_current_assets","l10n_tw.tw_chart_template","","FALSE"
"account_account_147200","礦產資源－重估增值",147200,"account.data_account_type_non_current_assets","l10n_tw.tw_chart_template","","FALSE"
"account_account_147300","累計折耗－礦產資源",147300,"account.data_account_type_non_current_assets","l10n_tw.tw_chart_template","","FALSE"
"account_account_147400","累計減損－礦產資源",147400,"account.data_account_type_non_current_assets","l10n_tw.tw_chart_template","","FALSE"
"account_account_148000","生物資產－非流動",148000,"account.data_account_type_non_current_assets","l10n_tw.tw_chart_template","","FALSE"
"account_account_148100","生產性生物資產－非流動",148100,"account.data_account_type_non_current_assets","l10n_tw.tw_chart_template","","FALSE"
"account_account_148200","累計折舊－生產性生物資產－非流動",148200,"account.data_account_type_non_current_assets","l10n_tw.tw_chart_template","","FALSE"
"account_account_148300","累計減損－生產性生物資產－非流動",148300,"account.data_account_type_non_current_assets","l10n_tw.tw_chart_template","","FALSE"
"account_account_148400","生產性生物資產公允價值減出售成本累計變動數—非流動",148400,"account.data_account_type_non_current_assets","l10n_tw.tw_chart_template","","FALSE"
"account_account_148500","消耗性生物資產—非流動",148500,"account.data_account_type_non_current_assets","l10n_tw.tw_chart_template","","FALSE"
"account_account_148600","累計折舊—消耗性生物資產—非流動",148600,"account.data_account_type_non_current_assets","l10n_tw.tw_chart_template","","FALSE"
"account_account_148700","累計減損－消耗性生物資產—非流動",148700,"account.data_account_type_non_current_assets","l10n_tw.tw_chart_template","","FALSE"
"account_account_148800","消耗性生物資產公允價值減出售成本累計變動數—非流動",148800,"account.data_account_type_non_current_assets","l10n_tw.tw_chart_template","","FALSE"
"account_account_149000","無形資產",149000,"account.data_account_type_non_current_assets","l10n_tw.tw_chart_template","","FALSE"
"account_account_149100","商標權－成本",149100,"account.data_account_type_non_current_assets","l10n_tw.tw_chart_template","","FALSE"
"account_account_149200","商標權－重估增值",149200,"account.data_account_type_non_current_assets","l10n_tw.tw_chart_template","","FALSE"
"account_account_149300","累計攤銷－商標權",149300,"account.data_account_type_non_current_assets","l10n_tw.tw_chart_template","","FALSE"
"account_account_149400","累計減損－商標權",149400,"account.data_account_type_non_current_assets","l10n_tw.tw_chart_template","","FALSE"
"account_account_150100","專利權－成本",150100,"account.data_account_type_non_current_assets","l10n_tw.tw_chart_template","","FALSE"
"account_account_150200","專利權－重估增值",150200,"account.data_account_type_non_current_assets","l10n_tw.tw_chart_template","","FALSE"
"account_account_150300","累計攤銷—專利權",150300,"account.data_account_type_non_current_assets","l10n_tw.tw_chart_template","","FALSE"
"account_account_150400","累計減損－專利權",150400,"account.data_account_type_non_current_assets","l10n_tw.tw_chart_template","","FALSE"
"account_account_151100","特許權－成本",151100,"account.data_account_type_non_current_assets","l10n_tw.tw_chart_template","","FALSE"
"account_account_151200","特許權－重估增值",151200,"account.data_account_type_non_current_assets","l10n_tw.tw_chart_template","","FALSE"
"account_account_151300","累計攤銷—特許權",151300,"account.data_account_type_non_current_assets","l10n_tw.tw_chart_template","","FALSE"
"account_account_151400","累計減損－特許權",151400,"account.data_account_type_non_current_assets","l10n_tw.tw_chart_template","","FALSE"
"account_account_152100","著作權－成本",152100,"account.data_account_type_non_current_assets","l10n_tw.tw_chart_template","","FALSE"
"account_account_152200","著作權－重估增值",152200,"account.data_account_type_non_current_assets","l10n_tw.tw_chart_template","","FALSE"
"account_account_152300","累計攤銷—著作權",152300,"account.data_account_type_non_current_assets","l10n_tw.tw_chart_template","","FALSE"
"account_account_152400","累計減損－著作權",152400,"account.data_account_type_non_current_assets","l10n_tw.tw_chart_template","","FALSE"
"account_account_153100","電腦軟體－成本",153100,"account.data_account_type_non_current_assets","l10n_tw.tw_chart_template","","FALSE"
"account_account_153200","電腦軟體－重估增值",153200,"account.data_account_type_non_current_assets","l10n_tw.tw_chart_template","","FALSE"
"account_account_153300","累計攤銷－電腦軟體",153300,"account.data_account_type_non_current_assets","l10n_tw.tw_chart_template","","FALSE"
"account_account_153400","累計減損－電腦軟體",153400,"account.data_account_type_non_current_assets","l10n_tw.tw_chart_template","","FALSE"
"account_account_154100","商譽－成本",154100,"account.data_account_type_non_current_assets","l10n_tw.tw_chart_template","","FALSE"
"account_account_154200","累計攤銷－商譽",154200,"account.data_account_type_non_current_assets","l10n_tw.tw_chart_template","","FALSE"
"account_account_154300","累計減損－商譽",154300,"account.data_account_type_non_current_assets","l10n_tw.tw_chart_template","","FALSE"
"account_account_155100","其他無形資產",155100,"account.data_account_type_non_current_assets","l10n_tw.tw_chart_template","","FALSE"
"account_account_155200","累計攤銷－其他無形資產",155200,"account.data_account_type_non_current_assets","l10n_tw.tw_chart_template","","FALSE"
"account_account_155300","累計減損－其他無形資產",155300,"account.data_account_type_non_current_assets","l10n_tw.tw_chart_template","","FALSE"
"account_account_156000","遞延所得稅資產",156000,"account.data_account_type_non_current_assets","l10n_tw.tw_chart_template","","FALSE"
"account_account_156100","遞延所得稅資產",156100,"account.data_account_type_non_current_assets","l10n_tw.tw_chart_template","","FALSE"
"account_account_157000","其他非流動資產",157000,"account.data_account_type_non_current_assets","l10n_tw.tw_chart_template","","FALSE"
"account_account_157100","長期應收票據",157100,"account.data_account_type_non_current_assets","l10n_tw.tw_chart_template","","FALSE"
"account_account_157200","長期應收款",157200,"account.data_account_type_non_current_assets","l10n_tw.tw_chart_template","","FALSE"
"account_account_157300","催收款項",157300,"account.data_account_type_non_current_assets","l10n_tw.tw_chart_template","","FALSE"
"account_account_157400","備抵呆帳－長期應收票據及款項",157400,"account.data_account_type_non_current_assets","l10n_tw.tw_chart_template","","FALSE"
"account_account_157500","備抵呆帳－催收款項",157500,"account.data_account_type_non_current_assets","l10n_tw.tw_chart_template","","FALSE"
"account_account_157600","長期應收票據及款項－關係人",157600,"account.data_account_type_non_current_assets","l10n_tw.tw_chart_template","","FALSE"
"account_account_157700","催收款項－關係人",157700,"account.data_account_type_non_current_assets","l10n_tw.tw_chart_template","","FALSE"
"account_account_157800","長期預付租金",157800,"account.data_account_type_non_current_assets","l10n_tw.tw_chart_template","","FALSE"
"account_account_157900","長期預付保險費",157900,"account.data_account_type_non_current_assets","l10n_tw.tw_chart_template","","FALSE"
"account_account_158000","預付投資款",158000,"account.data_account_type_non_current_assets","l10n_tw.tw_chart_template","","FALSE"
"account_account_158100","預付退休金",158100,"account.data_account_type_non_current_assets","l10n_tw.tw_chart_template","","FALSE"
"account_account_158200","預付設備款",158200,"account.data_account_type_non_current_assets","l10n_tw.tw_chart_template","","FALSE"
"account_account_158300","存出保證金",158300,"account.data_account_type_non_current_assets","l10n_tw.tw_chart_template","","FALSE"
"account_account_158400","業主(股東)往來",158400,"account.data_account_type_non_current_assets","l10n_tw.tw_chart_template","","FALSE"
"account_account_158500","同業往來",158500,"account.data_account_type_non_current_assets","l10n_tw.tw_chart_template","","FALSE"
"account_account_158600","其他非流動資產－其他",158600,"account.data_account_type_non_current_assets","l10n_tw.tw_chart_template","","FALSE"
"account_account_158700","人壽保險現金解約價值",158700,"account.data_account_type_non_current_assets","l10n_tw.tw_chart_template","","FALSE"
"account_account_200000","負債",200000,"account.data_account_type_current_liabilities","l10n_tw.tw_chart_template","","FALSE"
"account_account_210000","流動負債",210000,"account.data_account_type_current_liabilities","l10n_tw.tw_chart_template","","FALSE"
"account_account_211000","短期借款",211000,"account.data_account_type_current_liabilities","l10n_tw.tw_chart_template","","FALSE"
"account_account_211100","銀行透支",211100,"account.data_account_type_current_liabilities","l10n_tw.tw_chart_template","","FALSE"
"account_account_211200","銀行借款",211200,"account.data_account_type_current_liabilities","l10n_tw.tw_chart_template","","FALSE"
"account_account_211300","短期借款－業主",211300,"account.data_account_type_current_liabilities","l10n_tw.tw_chart_template","","FALSE"
"account_account_211400","短期借款－員工",211400,"account.data_account_type_current_liabilities","l10n_tw.tw_chart_template","","FALSE"
"account_account_211500","短期借款－關係人",211500,"account.data_account_type_current_liabilities","l10n_tw.tw_chart_template","","FALSE"
"account_account_211600","短期借款－其他",211600,"account.data_account_type_current_liabilities","l10n_tw.tw_chart_template","","FALSE"
"account_account_212000","應付短期票券",212000,"account.data_account_type_current_liabilities","l10n_tw.tw_chart_template","","FALSE"
"account_account_212100","應付商業本票",212100,"account.data_account_type_current_liabilities","l10n_tw.tw_chart_template","","FALSE"
"account_account_212200","銀行承兌匯票",212200,"account.data_account_type_current_liabilities","l10n_tw.tw_chart_template","","FALSE"
"account_account_212300","其他應付短期票券",212300,"account.data_account_type_current_liabilities","l10n_tw.tw_chart_template","","FALSE"
"account_account_212400","應付短期票券折價",212400,"account.data_account_type_current_liabilities","l10n_tw.tw_chart_template","","FALSE"
"account_account_213000","透過損益按公允價值衡量之金融負債－流動",213000,"account.data_account_type_current_liabilities","l10n_tw.tw_chart_template","","FALSE"
"account_account_213100","透過損益按公允價值衡量之金融負債－流動",213100,"account.data_account_type_current_liabilities","l10n_tw.tw_chart_template","","FALSE"
"account_account_213200","透過損益按公允價值衡量之金融負債評價調整－流動",213200,"account.data_account_type_current_liabilities","l10n_tw.tw_chart_template","","FALSE"
"account_account_214000","避險之衍生金融負債－流動",214000,"account.data_account_type_current_liabilities","l10n_tw.tw_chart_template","","FALSE"
"account_account_214100","避險之衍生金融負債－流動",214100,"account.data_account_type_current_liabilities","l10n_tw.tw_chart_template","","FALSE"
"account_account_214200","避險之衍生金融負債評價調整－流動",214200,"account.data_account_type_current_liabilities","l10n_tw.tw_chart_template","","FALSE"
"account_account_215000","以成本衡量之金融負債－流動",215000,"account.data_account_type_current_liabilities","l10n_tw.tw_chart_template","","FALSE"
"account_account_215100","以成本衡量之金融負債－流動",215100,"account.data_account_type_current_liabilities","l10n_tw.tw_chart_template","","FALSE"
"account_account_216000","應付票據",216000,"account.data_account_type_current_liabilities","l10n_tw.tw_chart_template","","FALSE"
"account_account_216100","應付票據",216100,"account.data_account_type_current_liabilities","l10n_tw.tw_chart_template","","FALSE"
"account_account_216200","應付票據－關係人",216200,"account.data_account_type_current_liabilities","l10n_tw.tw_chart_template","","FALSE"
"account_account_216300","其他應付票據",216300,"account.data_account_type_current_liabilities","l10n_tw.tw_chart_template","","FALSE"
"account_account_217000","應付賬款淨額",217000,"account.data_account_type_current_liabilities","l10n_tw.tw_chart_template","","FALSE"
"account_account_217200","應付租賃款－流動",217200,"account.data_account_type_current_liabilities","l10n_tw.tw_chart_template","","FALSE"
"account_account_217300","應付帳款－關係人",217300,"account.data_account_type_current_liabilities","l10n_tw.tw_chart_template","","FALSE"
"account_account_218000","應付建造合約款",218000,"account.data_account_type_current_liabilities","l10n_tw.tw_chart_template","","FALSE"
"account_account_219000","其他應付款",219000,"account.data_account_type_current_liabilities","l10n_tw.tw_chart_template","","FALSE"
"account_account_219100","應付薪資",219100,"account.data_account_type_current_liabilities","l10n_tw.tw_chart_template","","FALSE"
"account_account_219200","應付租金",219200,"account.data_account_type_current_liabilities","l10n_tw.tw_chart_template","","FALSE"
"account_account_219300","應付利息",219300,"account.data_account_type_current_liabilities","l10n_tw.tw_chart_template","","FALSE"
"account_account_219400","應付營業稅",219400,"account.data_account_type_current_liabilities","l10n_tw.tw_chart_template","","FALSE"
"account_account_219500","應付稅捐－其他",219500,"account.data_account_type_current_liabilities","l10n_tw.tw_chart_template","","FALSE"
"account_account_219600","應付退休金費用",219600,"account.data_account_type_current_liabilities","l10n_tw.tw_chart_template","","FALSE"
"account_account_219700","其他應付費用",219700,"account.data_account_type_current_liabilities","l10n_tw.tw_chart_template","","FALSE"
"account_account_219800","應付土地房屋款",219800,"account.data_account_type_current_liabilities","l10n_tw.tw_chart_template","","FALSE"
"account_account_219900","應付設備款",219900,"account.data_account_type_current_liabilities","l10n_tw.tw_chart_template","","FALSE"
"account_account_220000","其他應付款－關係人",220000,"account.data_account_type_current_liabilities","l10n_tw.tw_chart_template","","FALSE"
"account_account_220100","應付股利",220100,"account.data_account_type_current_liabilities","l10n_tw.tw_chart_template","","FALSE"
"account_account_220200","應付員工酬勞",220200,"account.data_account_type_current_liabilities","l10n_tw.tw_chart_template","","FALSE"
"account_account_220300","應付董監事酬勞",220300,"account.data_account_type_current_liabilities","l10n_tw.tw_chart_template","","FALSE"
"account_account_221000","本期所得稅負債",221000,"account.data_account_type_current_liabilities","l10n_tw.tw_chart_template","","FALSE"
"account_account_221100","本期所得稅負債",221100,"account.data_account_type_current_liabilities","l10n_tw.tw_chart_template","","FALSE"
"account_account_222000","預收款項",222000,"account.data_account_type_current_liabilities","l10n_tw.tw_chart_template","","FALSE"
"account_account_222100","預收貨款",222100,"account.data_account_type_current_liabilities","l10n_tw.tw_chart_template","","FALSE"
"account_account_222200","預收收入",222200,"account.data_account_type_current_liabilities","l10n_tw.tw_chart_template","","FALSE"
"account_account_222300","其他預收款",222300,"account.data_account_type_current_liabilities","l10n_tw.tw_chart_template","","FALSE"
"account_account_223000","一年內到期長期負債",223000,"account.data_account_type_current_liabilities","l10n_tw.tw_chart_template","","FALSE"
"account_account_223100","一年內到期應付公司債",223100,"account.data_account_type_current_liabilities","l10n_tw.tw_chart_template","","FALSE"
"account_account_223200","一年內到期長期借款",223200,"account.data_account_type_current_liabilities","l10n_tw.tw_chart_template","","FALSE"
"account_account_223300","一年內到期長期應付票據及款項",223300,"account.data_account_type_current_liabilities","l10n_tw.tw_chart_template","","FALSE"
"account_account_223400","一年內到期長期應付票據及款項－關係人",223400,"account.data_account_type_current_liabilities","l10n_tw.tw_chart_template","","FALSE"
"account_account_223500","一年內到期其他長期負債",223500,"account.data_account_type_current_liabilities","l10n_tw.tw_chart_template","","FALSE"
"account_account_224000","負債準備—流動",224000,"account.data_account_type_current_liabilities","l10n_tw.tw_chart_template","","FALSE"
"account_account_224100","售後服務—保固負債準備",224100,"account.data_account_type_current_liabilities","l10n_tw.tw_chart_template","","FALSE"
"account_account_224200","虧損性合約之短期負債準備",224200,"account.data_account_type_current_liabilities","l10n_tw.tw_chart_template","","FALSE"
"account_account_224300","除役、復原及修復成本之短期負債準備",224300,"account.data_account_type_current_liabilities","l10n_tw.tw_chart_template","","FALSE"
"account_account_224400","保證合約之短期負債準備",224400,"account.data_account_type_current_liabilities","l10n_tw.tw_chart_template","","FALSE"
"account_account_224500","銷貨退回及折讓之短期負債準備",224500,"account.data_account_type_current_liabilities","l10n_tw.tw_chart_template","","FALSE"
"account_account_225000","其他流動負債",225000,"account.data_account_type_current_liabilities","l10n_tw.tw_chart_template","","FALSE"
"account_account_225100","暫收款",225100,"account.data_account_type_current_liabilities","l10n_tw.tw_chart_template","","FALSE"
"account_account_225200","代收款",225200,"account.data_account_type_current_liabilities","l10n_tw.tw_chart_template","","FALSE"
"account_account_230000","非流動負債",230000,"account.data_account_type_non_current_liabilities","l10n_tw.tw_chart_template","","FALSE"
"account_account_231000","透過損益按公允價值衡量之金融負債－非流動",231000,"account.data_account_type_non_current_liabilities","l10n_tw.tw_chart_template","","FALSE"
"account_account_231100","透過損益按公允價值衡量之金融負債－非流動",231100,"account.data_account_type_non_current_liabilities","l10n_tw.tw_chart_template","","FALSE"
"account_account_231200","透過損益按公允價值衡量之金融負債評價調整－非流動",231200,"account.data_account_type_non_current_liabilities","l10n_tw.tw_chart_template","","FALSE"
"account_account_232000","避險之衍生金融負債－非流動",232000,"account.data_account_type_non_current_liabilities","l10n_tw.tw_chart_template","","FALSE"
"account_account_232100","避險之衍生金融負債－非流動",232100,"account.data_account_type_non_current_liabilities","l10n_tw.tw_chart_template","","FALSE"
"account_account_232200","避險之衍生金融負債評價調整－非流動",232200,"account.data_account_type_non_current_liabilities","l10n_tw.tw_chart_template","","FALSE"
"account_account_233000","以成本衡量之金融負債－非流動",233000,"account.data_account_type_non_current_liabilities","l10n_tw.tw_chart_template","","FALSE"
"account_account_233100","以成本衡量之金融負債－非流動",233100,"account.data_account_type_non_current_liabilities","l10n_tw.tw_chart_template","","FALSE"
"account_account_234000","應付公司債",234000,"account.data_account_type_non_current_liabilities","l10n_tw.tw_chart_template","","FALSE"
"account_account_234100","應付公司債",234100,"account.data_account_type_non_current_liabilities","l10n_tw.tw_chart_template","","FALSE"
"account_account_234200","應付公司債溢(折)價",234200,"account.data_account_type_non_current_liabilities","l10n_tw.tw_chart_template","","FALSE"
"account_account_235000","長期借款",235000,"account.data_account_type_non_current_liabilities","l10n_tw.tw_chart_template","","FALSE"
"account_account_235100","長期銀行借款",235100,"account.data_account_type_non_current_liabilities","l10n_tw.tw_chart_template","","FALSE"
"account_account_235200","長期借款－業主",235200,"account.data_account_type_non_current_liabilities","l10n_tw.tw_chart_template","","FALSE"
"account_account_235300","長期借款－員工",235300,"account.data_account_type_non_current_liabilities","l10n_tw.tw_chart_template","","FALSE"
"account_account_235400","長期借款－關係人",235400,"account.data_account_type_non_current_liabilities","l10n_tw.tw_chart_template","","FALSE"
"account_account_235500","長期借款－其他",235500,"account.data_account_type_non_current_liabilities","l10n_tw.tw_chart_template","","FALSE"
"account_account_236000","長期應付票據及款項",236000,"account.data_account_type_non_current_liabilities","l10n_tw.tw_chart_template","","FALSE"
"account_account_236100","長期應付票據",236100,"account.data_account_type_non_current_liabilities","l10n_tw.tw_chart_template","","FALSE"
"account_account_236200","長期應付帳款",236200,"account.data_account_type_non_current_liabilities","l10n_tw.tw_chart_template","","FALSE"
"account_account_236300","應付租賃款－非流動",236300,"account.data_account_type_non_current_liabilities","l10n_tw.tw_chart_template","","FALSE"
"account_account_236400","長期應付票據及款項－關係人",236400,"account.data_account_type_non_current_liabilities","l10n_tw.tw_chart_template","","FALSE"
"account_account_236500","其他長期應付款項",236500,"account.data_account_type_non_current_liabilities","l10n_tw.tw_chart_template","","FALSE"
"account_account_237000","負債準備—非流動",237000,"account.data_account_type_non_current_liabilities","l10n_tw.tw_chart_template","","FALSE"
"account_account_237100","虧損性合約之長期負債準備",237100,"account.data_account_type_non_current_liabilities","l10n_tw.tw_chart_template","","FALSE"
"account_account_237200","除役、復原及修復成本之長期負債準備",237200,"account.data_account_type_non_current_liabilities","l10n_tw.tw_chart_template","","FALSE"
"account_account_237300","保證合約之長期負債準備",237300,"account.data_account_type_non_current_liabilities","l10n_tw.tw_chart_template","","FALSE"
"account_account_238000","遞延所得稅負債",238000,"account.data_account_type_non_current_liabilities","l10n_tw.tw_chart_template","","FALSE"
"account_account_238100","遞延所得稅負債－土地增值稅",238100,"account.data_account_type_non_current_liabilities","l10n_tw.tw_chart_template","","FALSE"
"account_account_238200","遞延所得稅負債－所得稅",238200,"account.data_account_type_non_current_liabilities","l10n_tw.tw_chart_template","","FALSE"
"account_account_239000","其他非流動負債",239000,"account.data_account_type_non_current_liabilities","l10n_tw.tw_chart_template","","FALSE"
"account_account_239100","遞延收入",239100,"account.data_account_type_non_current_liabilities","l10n_tw.tw_chart_template","","FALSE"
"account_account_239200","存入保證金",239200,"account.data_account_type_non_current_liabilities","l10n_tw.tw_chart_template","","FALSE"
"account_account_239300","業主(股東)往來",239300,"account.data_account_type_non_current_liabilities","l10n_tw.tw_chart_template","","FALSE"
"account_account_239400","同業往來",239400,"account.data_account_type_non_current_liabilities","l10n_tw.tw_chart_template","","FALSE"
"account_account_300000","權益",300000,"account.data_account_type_equity","l10n_tw.tw_chart_template","","FALSE"
"account_account_310000","資本(或股本)",310000,"account.data_account_type_equity","l10n_tw.tw_chart_template","","FALSE"
"account_account_311000","資本(或股本)",311000,"account.data_account_type_equity","l10n_tw.tw_chart_template","","FALSE"
"account_account_311100","普通股股本",311100,"account.data_account_type_equity","l10n_tw.tw_chart_template","","FALSE"
"account_account_311200","特別股股本",311200,"account.data_account_type_equity","l10n_tw.tw_chart_template","","FALSE"
"account_account_311300","預收股本",311300,"account.data_account_type_equity","l10n_tw.tw_chart_template","","FALSE"
"account_account_311400","待分配股票股利",311400,"account.data_account_type_equity","l10n_tw.tw_chart_template","","FALSE"
"account_account_320000","資本公積",320000,"account.data_account_type_equity","l10n_tw.tw_chart_template","","FALSE"
"account_account_321000","資本公積",321000,"account.data_account_type_equity","l10n_tw.tw_chart_template","","FALSE"
"account_account_321100","資本公積－普通股股票溢價",321100,"account.data_account_type_equity","l10n_tw.tw_chart_template","","FALSE"
"account_account_321200","資本公積－特別股股票溢價",321200,"account.data_account_type_equity","l10n_tw.tw_chart_template","","FALSE"
"account_account_321300","資本公積－庫藏股票交易",321300,"account.data_account_type_equity","l10n_tw.tw_chart_template","","FALSE"
"account_account_321400","資本公積－員工認股權",321400,"account.data_account_type_equity","l10n_tw.tw_chart_template","","FALSE"
"account_account_321500","資本公積－受贈資產",321500,"account.data_account_type_equity","l10n_tw.tw_chart_template","","FALSE"
"account_account_321600","資本公積－採用權益法認列之投資股權淨值變動數",321600,"account.data_account_type_equity","l10n_tw.tw_chart_template","","FALSE"
"account_account_321700","資本公積－實際取得或處分子公司股權價格與帳面價值差額",321700,"account.data_account_type_equity","l10n_tw.tw_chart_template","","FALSE"
"account_account_330000","保留盈餘(或累積虧損)",330000,"account.data_account_type_equity","l10n_tw.tw_chart_template","","FALSE"
"account_account_331000","法定盈餘公積",331000,"account.data_account_type_equity","l10n_tw.tw_chart_template","","FALSE"
"account_account_331100","法定盈餘公積",331100,"account.data_account_type_equity","l10n_tw.tw_chart_template","","FALSE"
"account_account_332000","特別盈餘公積",332000,"account.data_account_type_equity","l10n_tw.tw_chart_template","","FALSE"
"account_account_332100","特別盈餘公積",332100,"account.data_account_type_equity","l10n_tw.tw_chart_template","","FALSE"
"account_account_335000","未分配盈餘(或待彌補虧損)",335000,"account.data_account_type_equity","l10n_tw.tw_chart_template","","FALSE"
"account_account_335100","累積盈虧",335100,"account.data_account_type_equity","l10n_tw.tw_chart_template","","FALSE"
"account_account_335200","追溯適用及追溯重編之影響數",335200,"account.data_account_type_equity","l10n_tw.tw_chart_template","","FALSE"
"account_account_335300","本期損益",335300,"account.data_account_type_equity","l10n_tw.tw_chart_template","","FALSE"
"account_account_340000","其他權益",340000,"account.data_account_type_equity","l10n_tw.tw_chart_template","","FALSE"
"account_account_341000","其他權益",341000,"account.data_account_type_equity","l10n_tw.tw_chart_template","","FALSE"
"account_account_341100","備供出售金融資產未實現損益",341100,"account.data_account_type_equity","l10n_tw.tw_chart_template","","FALSE"
"account_account_341200","現金流量避險中屬有效避險部分之避險工具損益",341200,"account.data_account_type_equity","l10n_tw.tw_chart_template","","FALSE"
"account_account_341300","國外營運機構財務報表換算之兌換差額",341300,"account.data_account_type_equity","l10n_tw.tw_chart_template","","FALSE"
"account_account_341400","未實現重估增值",341400,"account.data_account_type_equity","l10n_tw.tw_chart_template","","FALSE"
"account_account_350000","庫藏股票",350000,"account.data_account_type_equity","l10n_tw.tw_chart_template","","FALSE"
"account_account_351000","庫藏股票",351000,"account.data_account_type_equity","l10n_tw.tw_chart_template","","FALSE"
"account_account_351100","庫藏股票",351100,"account.data_account_type_equity","l10n_tw.tw_chart_template","","FALSE"
"account_account_400000","營業收入",400000,"account.data_account_type_revenue","l10n_tw.tw_chart_template","","FALSE"
"account_account_410000","營業收入",410000,"account.data_account_type_revenue","l10n_tw.tw_chart_template","","FALSE"
"account_account_411100","銷貨收入",411100,"account.data_account_type_revenue","l10n_tw.tw_chart_template","","FALSE"
"account_account_411200","分期付款銷貨收入",411200,"account.data_account_type_revenue","l10n_tw.tw_chart_template","","FALSE"
"account_account_411300","銷貨退回",411300,"account.data_account_type_revenue","l10n_tw.tw_chart_template","","FALSE"
"account_account_411400","銷貨折讓",411400,"account.data_account_type_revenue","l10n_tw.tw_chart_template","","FALSE"
"account_account_412000","勞務收入",412000,"account.data_account_type_revenue","l10n_tw.tw_chart_template","","FALSE"
"account_account_412100","勞務收入",412100,"account.data_account_type_revenue","l10n_tw.tw_chart_template","","FALSE"
"account_account_413000","工程收入",413000,"account.data_account_type_revenue","l10n_tw.tw_chart_template","","FALSE"
"account_account_413100","營建工程收入",413100,"account.data_account_type_revenue","l10n_tw.tw_chart_template","","FALSE"
"account_account_414000","其他營業收入",414000,"account.data_account_type_revenue","l10n_tw.tw_chart_template","","FALSE"
"account_account_414100","其他營業收入",414100,"account.data_account_type_revenue","l10n_tw.tw_chart_template","","FALSE"
"account_account_423200","營建工程收入退回及折讓",423200,"account.data_account_type_revenue","l10n_tw.tw_chart_template","","FALSE"
"account_account_500000","營業成本",500000,"account.data_account_type_direct_costs","l10n_tw.tw_chart_template","","FALSE"
"account_account_510000","銷貨成本",510000,"account.data_account_type_direct_costs","l10n_tw.tw_chart_template","","FALSE"
"account_account_511000","銷貨成本",511000,"account.data_account_type_direct_costs","l10n_tw.tw_chart_template","","FALSE"
"account_account_511200","分期付款銷貨成本",511200,"account.data_account_type_direct_costs","l10n_tw.tw_chart_template","","FALSE"
"account_account_512000","進貨",512000,"account.data_account_type_direct_costs","l10n_tw.tw_chart_template","","FALSE"
"account_account_512100","進貨",512100,"account.data_account_type_direct_costs","l10n_tw.tw_chart_template","","FALSE"
"account_account_512200","進貨費用",512200,"account.data_account_type_direct_costs","l10n_tw.tw_chart_template","","FALSE"
"account_account_512300","進貨退出",512300,"account.data_account_type_direct_costs","l10n_tw.tw_chart_template","","FALSE"
"account_account_512400","進貨折讓",512400,"account.data_account_type_direct_costs","l10n_tw.tw_chart_template","","FALSE"
"account_account_513000","進料",513000,"account.data_account_type_direct_costs","l10n_tw.tw_chart_template","","FALSE"
"account_account_513100","進料",513100,"account.data_account_type_direct_costs","l10n_tw.tw_chart_template","","FALSE"
"account_account_513200","進料費用",513200,"account.data_account_type_direct_costs","l10n_tw.tw_chart_template","","FALSE"
"account_account_513300","進料退出",513300,"account.data_account_type_direct_costs","l10n_tw.tw_chart_template","","FALSE"
"account_account_513400","進料折讓",513400,"account.data_account_type_direct_costs","l10n_tw.tw_chart_template","","FALSE"
"account_account_514000","直接人工",514000,"account.data_account_type_direct_costs","l10n_tw.tw_chart_template","","FALSE"
"account_account_514100","直接人工",514100,"account.data_account_type_direct_costs","l10n_tw.tw_chart_template","","FALSE"
"account_account_515000","製造費用",515000,"account.data_account_type_direct_costs","l10n_tw.tw_chart_template","","FALSE"
"account_account_515100","間接人工",515100,"account.data_account_type_direct_costs","l10n_tw.tw_chart_template","","FALSE"
"account_account_515200","租金支出",515200,"account.data_account_type_direct_costs","l10n_tw.tw_chart_template","","FALSE"
"account_account_515300","文具用品",515300,"account.data_account_type_direct_costs","l10n_tw.tw_chart_template","","FALSE"
"account_account_515400","旅費",515400,"account.data_account_type_direct_costs","l10n_tw.tw_chart_template","","FALSE"
"account_account_515500","運費",515500,"account.data_account_type_direct_costs","l10n_tw.tw_chart_template","","FALSE"
"account_account_515600","郵電費",515600,"account.data_account_type_direct_costs","l10n_tw.tw_chart_template","","FALSE"
"account_account_515700","修繕費",515700,"account.data_account_type_direct_costs","l10n_tw.tw_chart_template","","FALSE"
"account_account_515800","包裝費",515800,"account.data_account_type_direct_costs","l10n_tw.tw_chart_template","","FALSE"
"account_account_515900","水電瓦斯費",515900,"account.data_account_type_direct_costs","l10n_tw.tw_chart_template","","FALSE"
"account_account_516000","保險費",516000,"account.data_account_type_direct_costs","l10n_tw.tw_chart_template","","FALSE"
"account_account_516100","加工費",516100,"account.data_account_type_direct_costs","l10n_tw.tw_chart_template","","FALSE"
"account_account_516200","稅捐",516200,"account.data_account_type_direct_costs","l10n_tw.tw_chart_template","","FALSE"
"account_account_516300","折舊-營業成本",516300,"account.data_account_type_direct_costs","l10n_tw.tw_chart_template","","FALSE"
"account_account_516400","各項耗竭及攤提",516400,"account.data_account_type_direct_costs","l10n_tw.tw_chart_template","","FALSE"
"account_account_516500","伙食費",516500,"account.data_account_type_direct_costs","l10n_tw.tw_chart_template","","FALSE"
"account_account_516600","職工福利",516600,"account.data_account_type_direct_costs","l10n_tw.tw_chart_template","","FALSE"
"account_account_516700","訓練費",516700,"account.data_account_type_direct_costs","l10n_tw.tw_chart_template","","FALSE"
"account_account_516800","間接材料",516800,"account.data_account_type_direct_costs","l10n_tw.tw_chart_template","","FALSE"
"account_account_516900","其他製造費用",516900,"account.data_account_type_direct_costs","l10n_tw.tw_chart_template","","FALSE"
"account_account_561000","勞務成本",561000,"account.data_account_type_direct_costs","l10n_tw.tw_chart_template","","FALSE"
"account_account_561100","勞務成本",561100,"account.data_account_type_direct_costs","l10n_tw.tw_chart_template","","FALSE"
"account_account_581000","營建工程成本",581000,"account.data_account_type_direct_costs","l10n_tw.tw_chart_template","","FALSE"
"account_account_581100","營建工程成本",581100,"account.data_account_type_direct_costs","l10n_tw.tw_chart_template","","FALSE"
"account_account_591000","其他營業成本",591000,"account.data_account_type_direct_costs","l10n_tw.tw_chart_template","","FALSE"
"account_account_591100","其他營業成本",591100,"account.data_account_type_direct_costs","l10n_tw.tw_chart_template","","FALSE"
"account_account_600000","營業費用",600000,"account.data_account_type_expenses","l10n_tw.tw_chart_template","","FALSE"
"account_account_610000","營業費用",610000,"account.data_account_type_expenses","l10n_tw.tw_chart_template","","FALSE"
"account_account_611000","營業費用",611000,"account.data_account_type_expenses","l10n_tw.tw_chart_template","","FALSE"
"account_account_611100","薪資支出",611100,"account.data_account_type_expenses","l10n_tw.tw_chart_template","","FALSE"
"account_account_611200","租金支出",611200,"account.data_account_type_expenses","l10n_tw.tw_chart_template","","FALSE"
"account_account_611300","文具用品",611300,"account.data_account_type_expenses","l10n_tw.tw_chart_template","","FALSE"
"account_account_611400","旅費",611400,"account.data_account_type_expenses","l10n_tw.tw_chart_template","","FALSE"
"account_account_611500","運費",611500,"account.data_account_type_expenses","l10n_tw.tw_chart_template","","FALSE"
"account_account_611600","郵電費",611600,"account.data_account_type_expenses","l10n_tw.tw_chart_template","","FALSE"
"account_account_611700","修繕費",611700,"account.data_account_type_expenses","l10n_tw.tw_chart_template","","FALSE"
"account_account_611800","廣告費",611800,"account.data_account_type_expenses","l10n_tw.tw_chart_template","","FALSE"
"account_account_611900","水電瓦斯費",611900,"account.data_account_type_expenses","l10n_tw.tw_chart_template","","FALSE"
"account_account_612000","保險費",612000,"account.data_account_type_expenses","l10n_tw.tw_chart_template","","FALSE"
"account_account_612100","交際費",612100,"account.data_account_type_expenses","l10n_tw.tw_chart_template","","FALSE"
"account_account_612200","捐贈",612200,"account.data_account_type_expenses","l10n_tw.tw_chart_template","","FALSE"
"account_account_612300","稅捐",612300,"account.data_account_type_expenses","l10n_tw.tw_chart_template","","FALSE"
"account_account_612400","呆帳損失",612400,"account.data_account_type_expenses","l10n_tw.tw_chart_template","","FALSE"
"account_account_612500","折舊費用-營業費用",612500,"account.data_account_type_expenses","l10n_tw.tw_chart_template","","FALSE"
"account_account_612600","各項耗竭及攤提",612600,"account.data_account_type_expenses","l10n_tw.tw_chart_template","","FALSE"
"account_account_612700","外銷損失",612700,"account.data_account_type_expenses","l10n_tw.tw_chart_template","","FALSE"
"account_account_612800","伙食費",612800,"account.data_account_type_expenses","l10n_tw.tw_chart_template","","FALSE"
"account_account_612900","職工福利",612900,"account.data_account_type_expenses","l10n_tw.tw_chart_template","","FALSE"
"account_account_613000","研究發展費用",613000,"account.data_account_type_expenses","l10n_tw.tw_chart_template","","FALSE"
"account_account_613100","佣金支出",613100,"account.data_account_type_expenses","l10n_tw.tw_chart_template","","FALSE"
"account_account_613200","訓練費",613200,"account.data_account_type_expenses","l10n_tw.tw_chart_template","","FALSE"
"account_account_613300","勞務費",613300,"account.data_account_type_expenses","l10n_tw.tw_chart_template","","FALSE"
"account_account_613400","其他營業費用",613400,"account.data_account_type_expenses","l10n_tw.tw_chart_template","","FALSE"
"account_account_700000","業外損益",700000,"account.data_account_type_other_income","l10n_tw.tw_chart_template","","FALSE"
"account_account_710000","業外損益",710000,"account.data_account_type_other_income","l10n_tw.tw_chart_template","","FALSE"
"account_account_711000","利息收入",711000,"account.data_account_type_other_income","l10n_tw.tw_chart_template","","FALSE"
"account_account_711100","利息收入",711100,"account.data_account_type_other_income","l10n_tw.tw_chart_template","","FALSE"
"account_account_712000","租金收入",712000,"account.data_account_type_other_income","l10n_tw.tw_chart_template","","FALSE"
"account_account_712100","租金收入",712100,"account.data_account_type_other_income","l10n_tw.tw_chart_template","","FALSE"
"account_account_713000","權利金收入",713000,"account.data_account_type_other_income","l10n_tw.tw_chart_template","","FALSE"
"account_account_713100","權利金收入",713100,"account.data_account_type_other_income","l10n_tw.tw_chart_template","","FALSE"
"account_account_714000","股利收入",714000,"account.data_account_type_other_income","l10n_tw.tw_chart_template","","FALSE"
"account_account_714100","股利收入",714100,"account.data_account_type_other_income","l10n_tw.tw_chart_template","","FALSE"
"account_account_715000","利息費用",715000,"account.data_account_type_other_income","l10n_tw.tw_chart_template","","FALSE"
"account_account_715100","利息費用",715100,"account.data_account_type_other_income","l10n_tw.tw_chart_template","","FALSE"
"account_account_716000","透過損益按公允價值衡量之金融資產(負債)淨損益",716000,"account.data_account_type_other_income","l10n_tw.tw_chart_template","","FALSE"
"account_account_716100","透過損益按公允價值衡量之金融資產(負債)利益",716100,"account.data_account_type_other_income","l10n_tw.tw_chart_template","","FALSE"
"account_account_716200","透過損益按公允價值衡量之金融資產(負債)損失",716200,"account.data_account_type_other_income","l10n_tw.tw_chart_template","","FALSE"
"account_account_717000","採權益法認列之投資損益",717000,"account.data_account_type_other_income","l10n_tw.tw_chart_template","","FALSE"
"account_account_717100","採權益法認列之投資利益",717100,"account.data_account_type_other_income","l10n_tw.tw_chart_template","","FALSE"
"account_account_717200","採權益法認列之投資損失",717200,"account.data_account_type_other_income","l10n_tw.tw_chart_template","","FALSE"
"account_account_718000","兌換損益",718000,"account.data_account_type_other_income","l10n_tw.tw_chart_template","","FALSE"
"account_account_719000","處分投資損益",719000,"account.data_account_type_other_income","l10n_tw.tw_chart_template","","FALSE"
"account_account_719100","處分投資性不動產利益",719100,"account.data_account_type_other_income","l10n_tw.tw_chart_template","","FALSE"
"account_account_719200","處分投資性不動產損失",719200,"account.data_account_type_other_income","l10n_tw.tw_chart_template","","FALSE"
"account_account_719300","處分投資利益",719300,"account.data_account_type_other_income","l10n_tw.tw_chart_template","","FALSE"
"account_account_719400","處分投資損失",719400,"account.data_account_type_other_income","l10n_tw.tw_chart_template","","FALSE"
"account_account_720000","處分不動產、廠房及設備損益",720000,"account.data_account_type_other_income","l10n_tw.tw_chart_template","","FALSE"
"account_account_720100","處分不動產、廠房及設備利益",720100,"account.data_account_type_other_income","l10n_tw.tw_chart_template","","FALSE"
"account_account_720200","處分不動產、廠房及設備損失",720200,"account.data_account_type_other_income","l10n_tw.tw_chart_template","","FALSE"
"account_account_721000","減損損失",721000,"account.data_account_type_other_income","l10n_tw.tw_chart_template","","FALSE"
"account_account_721100","金融資產減損損失",721100,"account.data_account_type_other_income","l10n_tw.tw_chart_template","","FALSE"
"account_account_721200","投資性不動產減損損失",721200,"account.data_account_type_other_income","l10n_tw.tw_chart_template","","FALSE"
"account_account_721300","不動產、廠房及設備減損損失",721300,"account.data_account_type_other_income","l10n_tw.tw_chart_template","","FALSE"
"account_account_721400","無形資產減損損失",721400,"account.data_account_type_other_income","l10n_tw.tw_chart_template","","FALSE"
"account_account_721500","生物資產減損損失",721500,"account.data_account_type_other_income","l10n_tw.tw_chart_template","","FALSE"
"account_account_722000","減損迴轉利益",722000,"account.data_account_type_other_income","l10n_tw.tw_chart_template","","FALSE"
"account_account_722100","金融資產減損迴轉利益",722100,"account.data_account_type_other_income","l10n_tw.tw_chart_template","","FALSE"
"account_account_722200","投資性不動產減損迴轉利益",722200,"account.data_account_type_other_income","l10n_tw.tw_chart_template","","FALSE"
"account_account_722300","不動產、廠房及設備減損迴轉利益",722300,"account.data_account_type_other_income","l10n_tw.tw_chart_template","","FALSE"
"account_account_722400","無形資產減損迴轉利益",722400,"account.data_account_type_other_income","l10n_tw.tw_chart_template","","FALSE"
"account_account_722500","生物資產減損迴轉利益",722500,"account.data_account_type_other_income","l10n_tw.tw_chart_template","","FALSE"
"account_account_723000","其他業外損益",723000,"account.data_account_type_other_income","l10n_tw.tw_chart_template","","FALSE"
"account_account_723100","捐贈收入",723100,"account.data_account_type_other_income","l10n_tw.tw_chart_template","","FALSE"
"account_account_723200","佣金收入",723200,"account.data_account_type_other_income","l10n_tw.tw_chart_template","","FALSE"
"account_account_723300","處分無形資產利益",723300,"account.data_account_type_other_income","l10n_tw.tw_chart_template","","FALSE"
"account_account_723400","出售下腳及廢料收入",723400,"account.data_account_type_other_income","l10n_tw.tw_chart_template","","FALSE"
"account_account_723500","壞帳轉回利益",723500,"account.data_account_type_other_income","l10n_tw.tw_chart_template","","FALSE"
"account_account_723600","手續費收入",723600,"account.data_account_type_other_income","l10n_tw.tw_chart_template","","FALSE"
"account_account_723700","廉價購買利益",723700,"account.data_account_type_other_income","l10n_tw.tw_chart_template","","FALSE"
"account_account_723800","當期原始認列生物資產之利益",723800,"account.data_account_type_other_income","l10n_tw.tw_chart_template","","FALSE"
"account_account_723900","生物資產當期公允價值減出售成本之變動之利益",723900,"account.data_account_type_other_income","l10n_tw.tw_chart_template","","FALSE"
"account_account_724000","處分無形資產損失",724000,"account.data_account_type_other_income","l10n_tw.tw_chart_template","","FALSE"
"account_account_724100","停工損失",724100,"account.data_account_type_other_income","l10n_tw.tw_chart_template","","FALSE"
"account_account_724200","災害損失",724200,"account.data_account_type_other_income","l10n_tw.tw_chart_template","","FALSE"
"account_account_724300","手續費",724300,"account.data_account_type_other_income","l10n_tw.tw_chart_template","","FALSE"
"account_account_724400","虧損性合約損失",724400,"account.data_account_type_other_income","l10n_tw.tw_chart_template","","FALSE"
"account_account_724500","當期原始認列生物資產之損失",724500,"account.data_account_type_other_income","l10n_tw.tw_chart_template","","FALSE"
"account_account_724600","生物資產當期公允價值減出售成本之變動之損失",724600,"account.data_account_type_other_income","l10n_tw.tw_chart_template","","FALSE"
"account_account_800000","綜合損益總額",800000,"l10n_tw.account_type_composite_income","l10n_tw.tw_chart_template","","FALSE"
"account_account_810000","繼續營業單位稅前淨利（或淨損）",810000,"l10n_tw.account_type_composite_income","l10n_tw.tw_chart_template","","FALSE"
"account_account_811000","繼續營業單位稅前淨益（或淨損）",811000,"l10n_tw.account_type_composite_income","l10n_tw.tw_chart_template","","FALSE"
"account_account_820000","所得稅費用(或利益)",820000,"l10n_tw.account_type_composite_income","l10n_tw.tw_chart_template","","FALSE"
"account_account_821000","所得稅費用(或利益)",821000,"l10n_tw.account_type_composite_income","l10n_tw.tw_chart_template","","FALSE"
"account_account_821100","所得稅費用(或利益)",821100,"l10n_tw.account_type_composite_income","l10n_tw.tw_chart_template","","FALSE"
"account_account_830000","繼續營業單位稅後淨利(或淨損）",830000,"l10n_tw.account_type_composite_income","l10n_tw.tw_chart_template","","FALSE"
"account_account_831000","繼續營業單位稅後淨利(或淨損）",831000,"l10n_tw.account_type_composite_income","l10n_tw.tw_chart_template","","FALSE"
"account_account_840000","停業單位損益(稅後)",840000,"l10n_tw.account_type_composite_income","l10n_tw.tw_chart_template","","FALSE"
"account_account_841000","停業單位損益(稅後)",841000,"l10n_tw.account_type_composite_income","l10n_tw.tw_chart_template","","FALSE"
"account_account_841100","停業單位資產或處分群組處分損益（稅後）",841100,"l10n_tw.account_type_composite_income","l10n_tw.tw_chart_template","","FALSE"
"account_account_841200","停業單位資產或處分群組按公允價值減出售成本衡量損益（稅後）",841200,"l10n_tw.account_type_composite_income","l10n_tw.tw_chart_template","","FALSE"
"account_account_860000","本期稅後淨利(淨損)",860000,"l10n_tw.account_type_composite_income","l10n_tw.tw_chart_template","","FALSE"
"account_account_870000","本期其他綜合損益",870000,"l10n_tw.account_type_composite_income","l10n_tw.tw_chart_template","","FALSE"
"account_account_871000","備供出售金融資產未實現損益",871000,"l10n_tw.account_type_composite_income","l10n_tw.tw_chart_template","","FALSE"
"account_account_871100","備供出售金融資產未實現損益",871100,"l10n_tw.account_type_composite_income","l10n_tw.tw_chart_template","","FALSE"
"account_account_872000","現金流量避險中屬有效避險部分之避險損益",872000,"l10n_tw.account_type_composite_income","l10n_tw.tw_chart_template","","FALSE"
"account_account_872100","現金流量避險中屬有效避險部分之避險損益",872100,"l10n_tw.account_type_composite_income","l10n_tw.tw_chart_template","","FALSE"
"account_account_873000","國外營運機構財務報表換算之兌換差額",873000,"l10n_tw.account_type_composite_income","l10n_tw.tw_chart_template","","FALSE"
"account_account_873100","國外營運機構財務報表換算之兌換差額",873100,"l10n_tw.account_type_composite_income","l10n_tw.tw_chart_template","","FALSE"
"account_account_874000","未實現重估增值",874000,"l10n_tw.account_type_composite_income","l10n_tw.tw_chart_template","","FALSE"
"account_account_874100","未實現重估增值",874100,"l10n_tw.account_type_composite_income","l10n_tw.tw_chart_template","","FALSE"
"account_account_875000","採用權益法認列之其他綜合損益份額",875000,"l10n_tw.account_type_composite_income","l10n_tw.tw_chart_template","","FALSE"
"account_account_875100","採用權益法認列之備供出售金融資產未實現損益",875100,"l10n_tw.account_type_composite_income","l10n_tw.tw_chart_template","","FALSE"
"account_account_875200","採用權益法認列之現金流量避險中屬有效避險部分之避險損益",875200,"l10n_tw.account_type_composite_income","l10n_tw.tw_chart_template","","FALSE"
"account_account_875300","採用權益法認列之國外營運機構財務報表換算之兌換差額",875300,"l10n_tw.account_type_composite_income","l10n_tw.tw_chart_template","","FALSE"
"account_account_875400","採用權益法認列之未實現重估增值",875400,"l10n_tw.account_type_composite_income","l10n_tw.tw_chart_template","","FALSE"
"account_account_876000","與本期其他綜合損益相關之所得稅",876000,"l10n_tw.account_type_composite_income","l10n_tw.tw_chart_template","","FALSE"
"account_account_876100","與本期其他綜合損益相關之所得稅",876100,"l10n_tw.account_type_composite_income","l10n_tw.tw_chart_template","","FALSE"
