<?xml version="1.0" encoding="utf-8"?>
<odoo>
<data noupdate="1">
    <record id="base.TWD" model="res.currency">
        <field name="active" eval="True" />
        <field name="rounding">1</field>
        <field name="position">before</field>
    </record>
</data>
<data>
    <!-- Account Tax Group -->
    <record id="tw_chart_template" model="account.chart.template">
        <field name="name">台灣會計科目表</field>
        <field name="code_digits">6</field>
        <field name="bank_account_code_prefix">1113</field>
        <field name="cash_account_code_prefix">1111</field>
        <field name="transfer_account_code_prefix">1114</field>
        <field name="currency_id" ref="base.TWD"/>
        <field name="country_id" ref="base.tw"/>
    </record>
</data>
</odoo>
